id,username,pegawai_nip,karpeg,ttl,jk,unit_kerja,pendidikan_terakhir,foto_url,status_kepegawaian,tanggal_pensiun,keterangan_status,nip_lama
1,andriew,198904192012111001,A 14002573,"Sorong, 19 April 1989",Laki-laki,BPS Kabupaten Raja Ampat,S1/DIV,,aktif,,,340055728
2,derek,198303182011011007,A 00001557,"Biak Numfor, 18 Maret 1983",Laki-laki,BPS Kabupaten Raja Ampat,S1/DIV,,aktif,,,
3,frida.buratehi,197912122010032002,Q 068614,"Sorong, 12 Desember 1979",Perempuan,BPS Kabupaten Raja Ampat,S1/DIV,,aktif,,,340054043
4,maulana.tahir,199209162014121001,A 14003354,"Sorong, 16 September 1992",Laki-laki,BPS Kabupaten Raja Ampat,S2,,aktif,,,340057127
5,abdillah.humam,199510152018021001,A 14005529,"Pekalongan, 15 Oktober 1995",Laki-laki,BPS Kabupaten Raja Ampat,S1/DIV,,aktif,,,340058100
6,ikbal.ism,198804022011011007,Q 068626,"Manokwari, 02 April 1988",Laki-laki,BPS Kabupaten Raja Ampat,S1/DIV,,aktif,,,340055686
7,lestari.amir,199207162019031001,A 14009964,"Ujung Pandang, 16 Juli 1992",Laki-laki,BPS Kabupaten Raja Ampat,S1/DIV,,aktif,,,340059346
8,bagas.sakti,199610012019011003,A 14009961,"Nganjuk, 01 Oktober 1996",Laki-laki,BPS Kabupaten Raja Ampat,S1/DIV,,aktif,,,340058640
9,sausan.zulfa,199504162018022001,A 14007420,"Magelang, 16 April 1995",Perempuan,BPS Kabupaten Raja Ampat,S1/DIV,,aktif,,,340058486
10,alijumati,197809102007011002,,"Saonek, 10 September 1978",Laki-laki,BPS Kabupaten Raja Ampat,SMA,,aktif,,,
11,novalin,198211202011012011,A 00001561,"Sorong, 20 November 1982",Perempuan,BPS Kabupaten Raja Ampat,S1/DIV,,aktif,,,340055691
12,gerda,198801242011012016,Q 068625,"Sorong, 24 Januari 1988",Perempuan,BPS Kabupaten Raja Ampat,S1/DIV,,aktif,,,340055684
13,rizal.akbar,199903302019121001,A 14009963,"Kaimana, 30 Maret 1999",Laki-laki,BPS Kabupaten Raja Ampat,DIII,,aktif,,,340059896
14,jandriana.ramandei,199801062019122001,A 14009962,"Sorong, 06 Januari 1998",Perempuan,BPS Kabupaten Raja Ampat,S1/DIV,,aktif,,,340059577
15,elok,198908262012112001,A 00000496,"Pekalongan, 26 Agustus 1989",Perempuan,BPS Kabupaten Raja Ampat,S2,,aktif,,,340055775
16,zidna.inayatika,199902212021042001,,"Sleman, 21 Februari 1999",Perempuan,BPS Kabupaten Raja Ampat,S1/DIV,,aktif,,,340060365
17,haidar.nabil,199903302022011001,A202300146918,"Kediri, 30 Maret 1999",Laki-laki,BPS Kabupaten Raja Ampat,S1/DIV,,aktif,,,340060668
18,syayu.hanana,199803012022032017,A202300146885,"Ujung Pandang, 01 Maret 1998",Perempuan,BPS Kabupaten Raja Ampat,DIII,,aktif,,,340061556
19,aris.munandar,200003232023021002,,"Medan, 23 Maret 2000",Laki-laki,BPS Kabupaten Raja Ampat,S1/DIV,,aktif,,,340061875
20,dwiayua,200103272023102002,A202400023433,"Grobogan, 27 Maret 2001",Perempuan,BPS Kabupaten Raja Ampat,S1/DIV,,aktif,,,340062413
21,figri.alrasjid,200107052024121001,A202500034730,"Surabaya, 05 Juli 2001",Laki-laki,BPS Kabupaten Raja Ampat,S1/DIV,,aktif,,,340063171
22,nurhaidas,196803201994012001,G 052556,"Jayapura, 20 Maret 1968",Perempuan,BPS Kabupaten Raja Ampat,S1/DIV,,pensiun,3/31/2026,,340014127
23,khusenali,200204152026031001,,,Laki-laki,BPS Kabupaten Raja Ampat,S1/DIV,,aktif,,,340066333
24,arikhzasaputri,200404122026032001,,,Perempuan,BPS Kabupaten Raja Ampat,DIII,,aktif,,,340066132
25,frida,198604072009022004,P129652,"Jayapura, 07 April 1986",Perempuan,BPS Kabupaten Raja Ampat,S2,,aktif,,,340050100
