id,pegawai_nip,gelar_depan,gelar_belakang,tmt,created_at,updated_at
1,196803201994012001,Ir.,,1/1/2015,,
2,198904192012111001,,SST,1/1/2015,,
3,198303182011011007,,S.E.,1/1/2015,,
4,197912122010032002,,SE,1/1/2015,,
5,199209162014121001,,SST,1/1/2015,,
6,199510152018021001,,SST,1/1/2015,,
7,198804022011011007,,SE,1/1/2015,,
8,199207162019031001,,S.Si.,1/1/2015,,
9,199610012019011003,,S.Tr.Stat.,1/1/2015,,
10,199504162018022001,,SST,1/1/2015,,
11,197809102007011002,,,1/1/2015,,
12,198211202011012011,,S.Kom.,1/1/2015,,
13,198801242011012016,,S.Sos.,1/1/2015,,
14,199903302019121001,,A.Md.Stat.,1/1/2015,,
15,199801062019122001,,S.Tr.Stat.,1/1/2015,,
16,198908262012112001,,"SST, M.Ec.Dev",1/1/2015,,
17,199902212021042001,,S.Tr.Stat.,1/1/2015,,
18,199903302022011001,,S.Tr.Stat.,1/1/2015,,
19,199803012022032017,,A.Md,1/1/2015,,
20,200003232023021002,,S.Tr.Stat.,1/1/2015,,
21,200103272023102002,,S.Tr.Stat.,1/1/2015,,
22,200107052024121001,,S.Tr.Stat.,1/1/2015,,
23,199209162014121001,,"SST, M.AP",8/1/2024,,
24,200204152026031001,,S.Tr.Stat.,3/1/2026,,
25,200404122026032001,,A.Md.Stat.,3/1/2026,,
26,198604072009022004,,"SST, M.Ing.",1/1/2015,,
