id,pegawai_nip,jabatan,tmt,tmt_ikut_pak,created_at,updated_at,jenis,tmt_selesai
1,196803201994012001,Kepala BPS Kabupaten Raja Ampat,6/29/2020,6/29/2020,,,utama,3/31/2026
2,198904192012111001,Kepala Subbagian Umum,12/22/2020,12/22/2020,,,utama,
3,198303182011011007,Pelaksana,1/1/2015,1/1/2015,,,utama,
4,197912122010032002,Statistisi Ahli Muda,12/22/2020,12/22/2020,,,utama,
5,199209162014121001,Statistisi Ahli Muda,1/9/2024,1/9/2024,,,utama,
6,199510152018021001,Statistisi Ahli Muda,6/1/2024,1/31/2024,,,utama,
7,198804022011011007,Statistisi Ahli Pertama,6/26/2023,12/31/2022,,,utama,
8,199207162019031001,Statistisi Ahli Pertama,7/9/2021,7/9/2021,,,utama,
9,199610012019011003,Statistisi Ahli Pertama,7/9/2021,7/9/2021,,,utama,
10,199504162018022001,Statistisi Ahli Pertama,10/31/2024,10/31/2024,,,utama,
11,197809102007011002,Pelaksana,1/1/2015,1/1/2015,,,utama,
12,198211202011012011,Statistisi Ahli Muda,6/26/2023,12/31/2022,,,utama,
13,198801242011012016,Statistisi Ahli Muda,6/26/2023,12/31/2022,,,utama,
14,199903302019121001,Statistisi Pelaksana,6/2/2021,6/2/2021,,,utama,
15,199801062019122001,Statistisi Ahli Pertama,5/31/2022,5/31/2022,,,utama,
16,198908262012112001,Statistisi Ahli Muda,6/8/2023,12/31/2022,,,utama,
17,199902212021042001,Statistisi Ahli Pertama,3/7/2023,12/31/2022,,,utama,
18,199903302022011001,Statistisi Ahli Pertama,1/31/2023,12/31/2022,,,utama,
19,199803012022032017,Statistisi Pelaksana,3/8/2023,12/31/2022,,,utama,
20,200003232023021002,Pranata Komputer Ahli Pertama,3/1/2024,2/28/2023,,,utama,
21,200103272023102002,Statistisi Ahli Pertama,10/3/2024,10/31/2023,,,utama,
22,200107052024121001,Pelaksana,12/1/2024,12/1/2024,,,utama,
23,200107052024121001,Pranata Komputer Ahli Pertama,12/11/2025,12/1/2024,,,utama,
24,198904192012111001,Plt. Kepala Badan Pusat Statistik,4/1/2026,,,,lainnya,7/1/2026
25,199510152018021001,Pejabat Pembuat Komitmen,1/1/2021,,,,lainnya,6/1/2026
26,200204152026031001,Pelaksana,3/1/2026,3/1/2026,,,utama,
27,200404122026032001,Pelaksana,3/1/2026,3/1/2026,,,utama,
28,198604072009022004,Kepala BPS Kabupaten Raja Ampat,7/1/2026,7/1/2026,,,utama,
