id,pegawai_nip,pangkat,golongan,tmt,tmt_ikut_pak,created_at,updated_at
1,196803201994012001,Pembina Tk. I,IVb,4/1/2015,4/1/2015,,
2,198904192012111001,Penata Tk. I,IIId,10/1/2022,10/1/2022,,
3,198303182011011007,Penata,IIIc,6/1/2024,6/1/2024,,
4,197912122010032002,Penata Tk. I,IIId,4/1/2022,4/1/2022,,
5,199209162014121001,Penata,IIIc,4/1/2023,4/1/2023,,
6,199510152018021001,Penata,IIIc,8/1/2024,1/31/2024,,
7,198804022011011007,Penata Muda Tk. I,IIIb,4/1/2023,12/31/2022,,
8,199207162019031001,Penata Muda,IIIa,3/1/2019,3/1/2019,,
9,199610012019011003,Penata Muda Tk. I,IIIb,2/1/2025,8/31/2024,,
10,199504162018022001,Penata Muda Tk. I,IIIb,4/1/2022,4/1/2022,,
11,197809102007011002,Pengatur Tk. I,IId,4/1/2019,4/1/2019,,
12,198211202011012011,Penata Tk. I,IIId,4/1/2023,12/31/2022,,
13,198801242011012016,Penata Tk. I,IIId,4/1/2023,12/31/2022,,
14,199903302019121001,Pengatur,IIc,12/1/2019,12/1/2019,,
15,199801062019122001,Penata Muda,IIIa,12/1/2019,12/1/2019,,
16,198908262012112001,Penata Tk. I,IIId,10/1/2022,10/1/2022,,
17,199902212021042001,Penata Muda,IIIa,4/1/2021,4/1/2021,,
18,199903302022011001,Penata Muda,IIIa,1/1/2022,1/1/2022,,
19,199803012022032017,Pengatur,IIc,3/1/2022,3/1/2022,,
20,200003232023021002,Penata Muda,IIIa,2/1/2023,2/28/2023,,
21,200103272023102002,Penata Muda,IIIa,10/1/2023,10/31/2023,,
22,200107052024121001,Penata Muda,IIIa,12/1/2024,12/1/2024,,
23,199903302019121001,Pengatur Tk. I,IId,10/1/2023,12/31/2022,,
24,199207162019031001,Penata Muda Tk. I,IIIb,6/1/2025,7/31/2024,,
25,200204152026031001,Penata Muda,IIIa,3/1/2026,3/1/2026,,
26,200404122026032001,Pengatur,IIc,3/1/2026,3/1/2026,,
27,198604072009022004,Pembina,IVa,8/1/2026,8/1/2026,,
