id,pegawai_nip,angka_kredit,tmt,created_at,updated_at,periode_tahun,periode_bulan_awal,periode_bulan_akhir,periode_label
1,197912122010032002,103.152,12/31/2022,,,2022,1,12,Januari s.d Desember 2022
2,199209162014121001,75,9/1/2024,,,2024,9,9,September 2024
3,199510152018021001,0,1/31/2024,,,2024,1,1,Januari 2024
4,198804022011011007,54,12/31/2022,,,2022,1,12,Januari s.d Desember 2022
5,199207162019031001,50.4,7/31/2024,,,2024,1,7,Januari s.d Juli 2024
6,199610012019011003,50.027,8/31/2024,,,2024,1,8,Januari s.d Agustus 2024
7,199504162018022001,81.25,10/31/2024,,,2024,1,10,Januari s.d Oktober 2024
8,198211202011012011,107,12/31/2022,,,2022,1,12,Januari s.d Desember 2022
9,198801242011012016,107,12/31/2022,,,2022,1,12,Januari s.d Desember 2022
10,199903302019121001,22.792,12/31/2022,,,2022,1,12,Januari s.d Desember 2022
11,199801062019122001,8.149,12/31/2022,,,2022,1,12,Januari s.d Desember 2022
12,198908262012112001,107,12/31/2022,,,2022,1,12,Januari s.d Desember 2022
13,199902212021042001,16.372,12/31/2022,,,2022,1,12,Januari s.d Desember 2022
14,199903302022011001,11.813,12/31/2022,,,2022,1,12,Januari s.d Desember 2022
15,199803012022032017,5.135,12/31/2022,,,2022,1,12,Januari s.d Desember 2022
16,200003232023021002,0,2/28/2023,,,2023,2,2,Februari 2023
17,200103272023102002,0,10/31/2023,,,2023,10,10,Oktober 2023
18,200107052024121001,0,12/1/2024,,,2024,12,12,Desember 2024
19,199903302022011001,24.313,12/31/2023,,,2023,1,12,Januari s.d Desember 2023
20,199903302022011001,36.813,12/31/2024,,,2024,1,12,Januari s.d Desember 2024
21,199903302022011001,49.313,12/31/2025,,,2025,1,12,Januari s.d Desember 2025
22,199903302019121001,27.792,12/31/2023,,,2023,1,12,Januari s.d Desember 2023
23,199903302019121001,32.792,12/31/2024,,,2024,1,12,Januari s.d Desember 2024
25,199803012022032017,10.135,12/31/2023,,,2023,1,12,Januari s.d Desember 2023
26,199803012022032017,15.135,12/31/2024,,,2024,1,12,Januari s.d Desember 2024
27,199803012022032017,20.135,12/31/2025,,,2025,1,12,Januari s.d Desember 2025
28,199801062019122001,20.649,12/31/2023,,,2023,1,12,Januari s.d Desember 2023
29,199801062019122001,33.149,12/31/2024,,,2024,1,12,Januari s.d Desember 2024
30,199801062019122001,45.649,12/31/2025,,,2025,1,12,Januari s.d Desember 2025
31,198908262012112001,132,12/31/2023,,,2023,1,12,Januari s.d Desember 2023
32,198908262012112001,157,12/31/2024,,,2024,1,12,Januari s.d Desember 2024
33,198908262012112001,182,12/31/2025,,,2025,1,12,Januari s.d Desember 2025
34,197912122010032002,128.152,12/31/2023,,,2023,1,12,Januari s.d Desember 2023
35,197912122010032002,153.152,12/31/2024,,,2024,1,12,Januari s.d Desember 2024
36,197912122010032002,178.152,12/31/2025,,,2025,1,12,Januari s.d Desember 2025
37,199207162019031001,55.608,12/31/2024,,,2024,8,12,Agustus s.d Desember 2024
38,199207162019031001,68.108,12/31/2025,,,2025,1,12,Januari s.d Desember 2025
39,198804022011011007,66.5,12/31/2023,,,2023,1,12,Januari s.d Desember 2023
40,198804022011011007,79,12/31/2024,,,2024,1,12,Januari s.d Desember 2024
41,198804022011011007,91.5,12/31/2025,,,2025,1,12,Januari s.d Desember 2025
42,199610012019011003,54.715,12/31/2024,,,2024,9,12,September s.d Desember 2024
43,199610012019011003,67.215,12/31/2025,,,2025,1,12,Januari s.d Desember 2025
44,199510152018021001,30.208,12/31/2024,,,2024,2,12,Februari s.d Desember 2024
45,199510152018021001,55.208,12/31/2025,,,2025,1,12,Januari s.d Desember 2025
46,199504162018022001,83.855,12/31/2024,,,2024,11,12,November s.d Desember 2024
47,199504162018022001,96.355,12/31/2025,,,2025,1,12,Januari s.d Desember 2025
48,198211202011012011,132,12/31/2023,,,2023,1,12,Januari s.d Desember 2023
49,198211202011012011,157,12/31/2024,,,2024,1,12,Januari s.d Desember 2024
50,198211202011012011,182,12/31/2025,,,2025,1,12,Januari s.d Desember 2025
51,198801242011012016,132,12/31/2023,,,2023,1,12,Januari s.d Desember 2023
52,198801242011012016,157,12/31/2024,,,2024,1,12,Januari s.d Desember 2024
53,198801242011012016,182,12/31/2025,,,2025,1,12,Januari s.d Desember 2025
54,200107052024121001,12.5,12/31/2025,,,2025,1,12,Januari s.d Desember 2025
55,200103272023102002,2.083,12/31/2023,,,2023,11,12,November s.d Desember 2023
56,200103272023102002,14.583,12/31/2024,,,2024,1,12,Januari s.d Desember 2024
57,200103272023102002,27.083,12/31/2025,,,2025,1,12,Januari s.d Desember 2025
58,199801062019122001,50.337,3/31/2026,,,2026,1,3,Januari s.d Maret 2026
61,199903302019121001,37.792,12/31/2025,,,2025,1,12,Januari s.d Desember 2025
