id,username,password_hash,must_change_password,full_name,created_at,last_login,role,roles,notifikasi_last_read_at
1,frida,,TRUE,Frida Irian S. Ompusunggu,,,user,"[""user""]",
2,andriew,,TRUE,Andrie Wardani,,,user,"[""user""]",
3,derek,,TRUE,Derek Mandowen,,,user,"[""user""]",
4,frida.buratehi,,TRUE,Frida Buratehi,,,user,"[""user""]",
5,maulana.tahir,,TRUE,Maulana Tahir,,,user,"[""user""]",
6,abdillah.humam,,TRUE,Abdillah Humam,,,user,"[""user""]",
7,ikbal.ism,,TRUE,Ikbal Ismail,,,user,"[""user""]",
8,lestari.amir,,TRUE,Lestari Irfandi Amir,,,user,"[""user""]",
9,bagas.sakti,,TRUE,Bagas Indra Sakti,,,user,"[""user""]",
10,sausan.zulfa,,TRUE,Sausan Zulfa Faizah,,,user,"[""user""]",
11,alijumati,,TRUE,Muchammad Ali Jumati,,,user,"[""user""]",
12,novalin,,TRUE,Novalin P. Wapai,,,user,"[""user""]",
13,gerda,,TRUE,Gerda Y. Kalasuat,,,user,"[""user""]",
14,rizal.akbar,,TRUE,Rizal Akbar Komarudin,,,admin,"[""admin"",""user""]",
15,jandriana.ramandei,,TRUE,Jandriana Ramandei,,,user,"[""user""]",
16,elok,,TRUE,Elok Agustina,,,user,"[""user""]",
17,zidna.inayatika,,TRUE,Zidna Inayatika,,,user,"[""user""]",
18,haidar.nabil,,TRUE,Haidar Nabil,,,user,"[""user""]",
19,syayu.hanana,,TRUE,Syayu Hanana Yohana Stefani,,,user,"[""user""]",
20,aris.munandar,,TRUE,M. Aris Munandar,,,user,"[""user""]",
21,dwiayua,,TRUE,Dwi Ayu Andriani,,,user,"[""user""]",
22,figri.alrasjid,,TRUE,Figri Al - Rasjid Abdullah,,,user,"[""user""]",
23,khusenali,,TRUE,M. Khusen Ali Al Anjabi,,,user,"[""user""]",
24,arikhzasaputri,,TRUE,Arikhza Saputri,,,user,"[""user""]",
25,nurhaidas,,TRUE,Nurhaida Sirun,,,user,"[""user""]",
